"最終更新日","ページタイトル","分類","第1分類","第2分類","ファイルパス","地区","紹介文","所在地","連絡先","開館時間","休業日","施設の概要","受付時間","電車","バス","駐車場","駐輪場","画像1","画像キャプション1","画像2","画像キャプション2","画像3","画像キャプション3","画像4","画像キャプション4","画像5","画像キャプション5","緯度","経度",""
"2025-04-30 19:20:09","男女平等参画センター（リーブラ）","009013003000","複合施設・男女平等参画施設・その他の施設","男女平等参画施設","https://www.city.minato.tokyo.jp/shisetsu/danjo/danjo/01.html","芝浦港南地区","男女平等参画センター（愛称「リーブラ」）は、男女平等参画社会実現のための区民及び団体による活動への支援等、男女平等参画施策の推進に関する事業を実施する拠点施設です。
【管理・運営】指定管理者導入施設
【指定管理者】株式会社明日葉
※指定管理者導入施設は、民間事業者等の団体が指定管理者となって区の代行として施設の管理・運営を行うものです。","港区芝浦一丁目16番1号みなとパーク芝浦","電話:03-3456-4149（代表）
ファックス:03-3456-1254","午前9時から午後9時30分","年末年始12月29日から1月3日
施設設備の点検等による臨時休館日","施設の詳細については、男女平等参画センター（リーブラ）のホームページをご覧ください。","","JR田町駅東口徒歩5分
都営地下鉄三田駅A6出口徒歩6分","ちぃばす芝ルート･芝浦港南ルート（品川駅港南口行）「みなとパーク芝浦」徒歩0分、芝浦港南ルート（田町駅東口行）「芝浦一丁目」徒歩4分

お台場レインボーバス「田町駅東口」徒歩6分

都営交通「田町駅東口」徒歩7分","駐車台数:自動車／189台、自動二輪車／20台（一部、庁有車等の専用）
※原動機付自転車は、1階専用駐車場利用で無料

利用日:年末年始及び臨時の全館休館日を除く通年

利用時間:午前7時から午後11時まで

駐車料金:30分あたり自動車250円、自動二輪車50円
（当日最大料金自動車2,500円、自動二輪車800円）
無料措置:
（1）みなとパーク芝浦施設利用者は、最初の2時間まで無料。ただし、障害者の乗車する車両は、最初の3時間まで無料
※福祉喫茶カフェフルールのご利用の際も無料措置の対象となります。
※コンビニエンスストアでの住民票等のコンビニ交付や自動交付機利用も対象になります。
（2）区の事業運営に協力する場合は、対象時間無料
※コンビニエンスストアのみを利用する場合は、駐車料金の無料措置はありません。

利用方法:利用する窓口で、駐車券の無料措置認証を受けてください。
住民票等のコンビニ交付や夜間及び土･日･祝日の自動交付機利用の場合は、防災センターで無料措置認証を受けてください。","駐輪台数:一般利用／265台
※別に原動機付自転車（50cc未満）駐車場あり／10台

利用日:年末年始及び臨時の全館休館日を除く通年

利用時間:午前8時から午後11時まで

駐輪料金:無料","https://www.city.minato.tokyo.jp/images/160860/park-01.jpg","男女平等参画センターの外観","https://www.city.minato.tokyo.jp/images/160860/250325-01.png","男女平等参画センターの地図","","","","","","","35.646408","139.751501",""
"2025-03-27 17:48:56","臨海斎場","009013005000","複合施設・男女平等参画施設・その他の施設","斎場","https://www.city.minato.tokyo.jp/shisetsu/sonota/saijo/01.html","港区外","港・品川・目黒・大田・世田谷の5区が共同で建設した施設で、火葬および葬儀を行うことができます。
利用する場合は直接、臨海斎場へ電話でお申し込みください。","大田区東海一丁目3番1号","電話番号:03-5755-2833
ファックス番号:03-3790-5866","","","","","","","","","https://www.city.minato.tokyo.jp/images/161168/rinkaisaiba.png","施設・設備画像","","","","","","","","","35.585904","139.752789",""
"2025-03-27 17:25:58","区民斎場「やすらぎ会館」","009013005000","複合施設・男女平等参画施設・その他の施設","斎場","https://www.city.minato.tokyo.jp/shisetsu/sonota/saijo/02.html","麻布地区","お通夜・告別式を行うことができる施設です。","港区南青山二丁目34番1号","電話:03-3470-3117（ファックス兼用）","電話問い合わせ受付時間　午前7時から午前0時
申請手続き受け付け時間　午前8時30分から午後9時","1月1日、2日、臨時休館日
※仮安置施設はご利用いただけます。","","","地下鉄千代田線乃木坂駅
5番出口徒歩1分

地下鉄銀座線･半蔵門線･都営大江戸線
青山一丁目駅5番出口徒歩10分","都営バス（品97）
品川車庫から新宿駅西口
青山斎場前バス停徒歩2分","駐車場11台分（うち軽自動車用1台、身障者用1台）
※ただし1葬家あたり5台の利用となります。","","https://www.city.minato.tokyo.jp/images/161169/yasuragi_yu.jpg","やすらぎ会館の全景","https://www.city.minato.tokyo.jp/images/161169/yasuragikaikan.png","やすらぎ会館の地図","","","","","","","35.665826","139.724349",""
"2025-05-20 14:51:31","きらきらプラザ新橋","009013001000","複合施設・男女平等参画施設・その他の施設","複合施設","https://www.city.minato.tokyo.jp/shisetsu/sonota/sonota/02.html","芝地区","","港区新橋六丁目4番2号","電話番号:03-3438-0421
ファックス番号:03-3438-0422","・新橋区民協働スペース
月曜から土曜　午前9時から午後8時
ただし、夜間の貸し出しがない場合は、午後5時まで

・あっぴぃ新橋
子育てひろば　午前10時から午後6時
乳幼児一時預かり　午前8時30分から午後6時30分","･新橋区民協働スペース
年末年始(12月29日から1月3日)
国民の祝日に関する法律に定める休日
臨時休館日

･あっぴぃ新橋
年末年始(12月29日から1月3日)","1階、4階新橋区民協働スペース
芝地区における区民等の自主的な活動を支援することにより、区と区民等との協働関係を促進し、地域の課題をともに考え解決するための活動に利用できます。

2階、3階あっぴぃ新橋","","JR:新橋駅烏森出口徒歩10分
地下鉄:都営三田線御成門駅A4出口徒歩7分","ちぃばす:芝ルート愛宕警察徒歩3分","","","","","","","","","","","","","35.662317","139.754025",""
"2025-03-21 11:45:12","新橋駅前SL広場指定喫煙場所","009013004000","複合施設・男女平等参画施設・その他の施設","指定喫煙場所","https://www.city.minato.tokyo.jp/shisetsu/sonota/kitsuen/01.html","芝地区","","新橋二丁目7番先","","","","開設時間5時から25時まで","","","","","","https://www.city.minato.tokyo.jp/images/161238/220125-03.png","施設・設備画像","https://www.city.minato.tokyo.jp/images/161238/220125-04.png","施設・設備画像","","","","","","","35.667170","139.757464",""
"2025-03-21 11:45:12","新橋駅烏森口指定喫煙場所","009013004000","複合施設・男女平等参画施設・その他の施設","指定喫煙場所","https://www.city.minato.tokyo.jp/shisetsu/sonota/kitsuen/02.html","芝地区","","新橋二丁目16番先","","","","","","","","","","https://www.city.minato.tokyo.jp/images/161239/230912-01.png","施設・設備画像","https://www.city.minato.tokyo.jp/images/161239/230912-02.png","施設・設備画像","","","","","","","35.666708","139.757691",""
"2025-03-21 11:45:12","桜田公園内指定喫煙場所","009013004000","複合施設・男女平等参画施設・その他の施設","指定喫煙場所","https://www.city.minato.tokyo.jp/shisetsu/sonota/kitsuen/03.html","芝地区","","新橋三丁目16番15号","","","","","","","","","","https://www.city.minato.tokyo.jp/images/161240/200121-01.png","施設・設備画像","","","","","","","","","35.665808","139.756795",""
"2025-03-21 11:45:12","浜松町駅北口指定喫煙場所","009013004000","複合施設・男女平等参画施設・その他の施設","指定喫煙場所","https://www.city.minato.tokyo.jp/shisetsu/sonota/kitsuen/05.html","芝地区","","浜松町一丁目31番先","","","","","","","","","","https://www.city.minato.tokyo.jp/images/161241/05-01.png","施設・設備画像","","","","","","","","","35.656711","139.756845",""
"2025-03-21 11:45:12","六本木駅6番出口指定喫煙場所","009013004000","複合施設・男女平等参画施設・その他の施設","指定喫煙場所","https://www.city.minato.tokyo.jp/shisetsu/sonota/kitsuen/11.html","麻布地区","","六本木四丁目9番先","","","","","","","","","","https://www.city.minato.tokyo.jp/images/161242/11-01.png","施設・設備画像","","","","","","","","","35.663553","139.732583",""
"2025-03-21 11:45:12","有栖川宮記念公園内指定喫煙場所","009013004000","複合施設・男女平等参画施設・その他の施設","指定喫煙場所","https://www.city.minato.tokyo.jp/shisetsu/sonota/kitsuen/13.html","麻布地区","","南麻布五丁目7番29号","","","","","","","","","","https://www.city.minato.tokyo.jp/images/161243/200121_04.png","施設・設備画像","","","","","","","","","35.651260","139.726313",""
"2025-03-21 11:45:12","溜池山王駅9番出口指定喫煙場所","009013004000","複合施設・男女平等参画施設・その他の施設","指定喫煙場所","https://www.city.minato.tokyo.jp/shisetsu/sonota/kitsuen/14.html","赤坂地区","","赤坂二丁目3番先","","","","","","","","","","https://www.city.minato.tokyo.jp/images/161244/14-01.png","施設・設備画像","","","","","","","","","35.670664","139.742320",""
"2025-03-27 18:05:11","高橋是清翁記念公園指定喫煙場所","009013004000","複合施設・男女平等参画施設・その他の施設","指定喫煙場所","https://www.city.minato.tokyo.jp/shisetsu/sonota/kitsuen/15.html","赤坂地区","","赤坂七丁目3番39号","","開設時間：7時から21時","","","","","","","","https://www.city.minato.tokyo.jp/images/161245/230414-01.png","施設・設備画像","https://www.city.minato.tokyo.jp/images/161245/230414-02.png","施設・設備画像","","","","","","","35.674100","139.728990",""
"2025-03-21 11:45:12","高輪二丁目東海大学前指定喫煙場所","009013004000","複合施設・男女平等参画施設・その他の施設","指定喫煙場所","https://www.city.minato.tokyo.jp/shisetsu/sonota/kitsuen/16.html","高輪地区","","高輪二丁目2番先","","","","","","","","","","https://www.city.minato.tokyo.jp/images/161246/200121_07.png","施設・設備画像","","","","","","","","","35.638247","139.734548",""
"2025-03-21 11:45:13","大門駅A6出口指定喫煙場所","009013004000","複合施設・男女平等参画施設・その他の施設","指定喫煙場所","https://www.city.minato.tokyo.jp/shisetsu/sonota/kitsuen/06.html","芝地区","","芝大門一丁目13番先","","","","","","","","","","https://www.city.minato.tokyo.jp/images/161247/06-01.png","施設・設備画像","https://www.city.minato.tokyo.jp/images/161247/06-02.png","施設・設備画像","","","","","","","35.657045","139.753186",""
"2025-03-21 11:45:13","田町駅東口デッキ下指定喫煙場所","009013004000","複合施設・男女平等参画施設・その他の施設","指定喫煙場所","https://www.city.minato.tokyo.jp/shisetsu/sonota/kitsuen/17.html","芝浦港南地区","","芝浦三丁目1番先","","","","開設時間5時から25時","","","","","","https://www.city.minato.tokyo.jp/images/161248/220729-01.png","施設・設備画像","https://www.city.minato.tokyo.jp/images/161248/220729-02.png","施設・設備画像","","","","","","","35.645202","139.747735",""
"2025-03-21 11:45:13","田町駅西口（2階）指定喫煙場所","009013004000","複合施設・男女平等参画施設・その他の施設","指定喫煙場所","https://www.city.minato.tokyo.jp/shisetsu/sonota/kitsuen/07.html","芝浦港南地区","","芝五丁目33番先","","","","","","","","","","https://www.city.minato.tokyo.jp/images/161249/230113-03.png","施設・設備画像","https://www.city.minato.tokyo.jp/images/161249/230113-04.png","施設・設備画像","","","","","","","35.646134","139.747143",""
"2025-03-21 11:45:13","品川駅港南口港南ふれあい広場指定喫煙場所","009013004000","複合施設・男女平等参画施設・その他の施設","指定喫煙場所","https://www.city.minato.tokyo.jp/shisetsu/sonota/kitsuen/19.html","芝浦港南地区","","港南二丁目14番先","","","","コンテナ型開設時間:5時00分から25時00分","","","","","","https://www.city.minato.tokyo.jp/images/161250/240502-01.png","施設・設備画像","https://www.city.minato.tokyo.jp/images/161250/240502-02.png","施設・設備画像","","","","","","","35.629452","139.741427",""
"2025-03-21 11:45:13","フジテレビ（敷地内）横指定喫煙場所","009013004000","複合施設・男女平等参画施設・その他の施設","指定喫煙場所","https://www.city.minato.tokyo.jp/shisetsu/sonota/kitsuen/20.html","芝浦港南地区","","台場二丁目4番8号","","","","","","","","","","https://www.city.minato.tokyo.jp/images/161251/20-01.png","施設・設備画像","https://www.city.minato.tokyo.jp/images/161251/20-02.png","施設・設備画像","","","","","","","35.627544","139.775280",""
"2025-03-27 18:07:13","田町駅西口（1階）指定喫煙場所","009013004000","複合施設・男女平等参画施設・その他の施設","指定喫煙場所","https://www.city.minato.tokyo.jp/shisetsu/sonota/kitsuen/08.html","芝浦港南地区","","芝五丁目33番先","","開設時間：5時から25時","","","","","","","","https://www.city.minato.tokyo.jp/images/161252/230414-03.png","施設・設備画像","https://www.city.minato.tokyo.jp/images/161252/230414-04.png","施設・設備画像","","","","","","","35.646596","139.747028",""
"2025-03-21 11:45:13","シンボルプロムナード公園内デッキ上指定喫煙場所（1）","009013004000","複合施設・男女平等参画施設・その他の施設","指定喫煙場所","https://www.city.minato.tokyo.jp/shisetsu/sonota/kitsuen/21.html","芝浦港南地区","","台場一丁目8番先","","","","","","","","","","https://www.city.minato.tokyo.jp/images/161253/21-01.png","施設・設備画像","https://www.city.minato.tokyo.jp/images/161253/21-02.png","施設・設備画像","","","","","","","35.626572","139.772094",""
"2025-03-21 11:45:13","シンボルプロムナード公園内デッキ上指定喫煙場所（2）","009013004000","複合施設・男女平等参画施設・その他の施設","指定喫煙場所","https://www.city.minato.tokyo.jp/shisetsu/sonota/kitsuen/22.html","芝浦港南地区","","台場二丁目5番先","","","","","","","","","","https://www.city.minato.tokyo.jp/images/161254/22-01.png","施設・設備画像","","","","","","","","","35.626053","139.772421",""
"2025-03-21 11:45:13","芝浦1丁目リバーサイド指定喫煙場所","009013004000","複合施設・男女平等参画施設・その他の施設","指定喫煙場所","https://www.city.minato.tokyo.jp/shisetsu/sonota/kitsuen/24.html","芝浦港南地区","","芝浦一丁目16番先","","","","","","","","","","https://www.city.minato.tokyo.jp/images/161255/241209-01.png","施設・設備画像","","","","","","","","","35.645131","139.751842",""
"2025-03-21 11:45:13","都立芝公園内指定喫煙場所","009013004000","複合施設・男女平等参画施設・その他の施設","指定喫煙場所","https://www.city.minato.tokyo.jp/shisetsu/sonota/kitsuen/25.html","芝地区","","芝公園一丁目4番","","","","開設時間:5時00分から25時00分","","","","","","https://www.city.minato.tokyo.jp/images/161258/230912-03.png","施設・設備画像","https://www.city.minato.tokyo.jp/images/161258/230912-04.png","施設・設備画像","","","","","","","35.659028","139.750859",""
"2025-03-21 11:45:13","ミカワヤビル1階指定喫煙場所","009013004000","複合施設・男女平等参画施設・その他の施設","指定喫煙場所","https://www.city.minato.tokyo.jp/shisetsu/sonota/kitsuen/27.html","赤坂地区","","赤坂二丁目10番14号","","","","","","","","","","https://www.city.minato.tokyo.jp/images/161259/27-01.png","施設・設備画像","https://www.city.minato.tokyo.jp/images/161259/27-02.png","施設・設備画像","","","","","","","35.670353","139.741512",""
"2025-03-21 11:45:13","シーバンスS館指定喫煙場所","009013004000","複合施設・男女平等参画施設・その他の施設","指定喫煙場所","https://www.city.minato.tokyo.jp/shisetsu/sonota/kitsuen/28.html","芝浦港南地区","","芝浦一丁目2番3号","","","","","","","","","","https://www.city.minato.tokyo.jp/images/161260/28-01.png","施設・設備画像","https://www.city.minato.tokyo.jp/images/161260/28-02.png","施設・設備画像","","","","","","","35.649333","139.756154",""
"2025-08-01 14:09:28","THE TOBACCO KAMIYACHO SECOND指定喫煙場所","009013004000","複合施設・男女平等参画施設・その他の施設","指定喫煙場所","https://www.city.minato.tokyo.jp/shisetsu/sonota/kitsuen/29.html","芝地区","","虎ノ門五丁目3番2号　神谷町アネックス1階","","利用時間：7時00分～20時00分（年末年始を除く）","","","","","","","","https://www.city.minato.tokyo.jp/images/161261/250801-01.png","施設・設備画像","https://www.city.minato.tokyo.jp/images/161261/250801-02.png","施設・設備画像","","","","","","","35.663045","139.744425",""
"2025-03-21 11:45:14","表参道交差点指定喫煙場所（1）","009013004000","複合施設・男女平等参画施設・その他の施設","指定喫煙場所","https://www.city.minato.tokyo.jp/shisetsu/sonota/kitsuen/30.html","赤坂地区","","北青山三丁目5番先","","","","","","","","","","https://www.city.minato.tokyo.jp/images/161262/30-01.png","施設・設備画像","https://www.city.minato.tokyo.jp/images/161262/30-02.png","施設・設備画像","","","","","","","35.665462","139.712268",""
"2025-03-21 11:45:14","表参道交差点指定喫煙場所（2）","009013004000","複合施設・男女平等参画施設・その他の施設","指定喫煙場所","https://www.city.minato.tokyo.jp/shisetsu/sonota/kitsuen/31.html","赤坂地区","","北青山三丁目6番先","","","","","","","","","","https://www.city.minato.tokyo.jp/images/161263/31-01.png","施設・設備画像","https://www.city.minato.tokyo.jp/images/161263/31-02.png","施設・設備画像","","","","","","","35.665233","139.712002",""
"2025-03-27 17:58:28","一の橋公園内指定喫煙場所","009013004000","複合施設・男女平等参画施設・その他の施設","指定喫煙場所","https://www.city.minato.tokyo.jp/shisetsu/sonota/kitsuen/33.html","麻布地区","","東麻布三丁目9番","","開設時間　5時00分～25時00分まで","","","","","","","","https://www.city.minato.tokyo.jp/images/161724/230113-05.png","施設・設備画像","https://www.city.minato.tokyo.jp/images/161724/230113-06.png","施設・設備画像","","","","","","","35.655918","139.737531",""
"2025-03-21 12:01:35","芝浦中央公園A面指定喫煙場所","009013004000","複合施設・男女平等参画施設・その他の施設","指定喫煙場所","https://www.city.minato.tokyo.jp/shisetsu/sonota/kitsuen/35.html","芝浦港南地区","","港南一丁目2番28号","","","","","","","","","","https://www.city.minato.tokyo.jp/images/161728/shibaura01.png","施設・設備画像","","","","","","","","","35.633694","139.742404",""
"2025-03-21 12:01:35","六本木ヒルズヒルサイド2FTOHOシネマズ入口右側指定喫煙場所","009013004000","複合施設・男女平等参画施設・その他の施設","指定喫煙場所","https://www.city.minato.tokyo.jp/shisetsu/sonota/kitsuen/37.html","麻布地区","","六本木六丁目10番1号","","","","","","","","","","https://www.city.minato.tokyo.jp/images/161729/hills02.png","施設・設備画像","","","","","","","","","35.659870","139.729815",""
"2025-03-21 12:01:36","六本木ヒルズイーストコート(六本木けやき坂通り)指定喫煙場所","009013004000","複合施設・男女平等参画施設・その他の施設","指定喫煙場所","https://www.city.minato.tokyo.jp/shisetsu/sonota/kitsuen/38.html","麻布地区","","六本木六丁目12番4号","","","","","","","","","","https://www.city.minato.tokyo.jp/images/161730/hills03.png","施設・設備画像","","","","","","","","","35.658775","139.730941",""
"2025-08-08 16:04:27","赤坂見附駅前指定喫煙場所","009013004000","複合施設・男女平等参画施設・その他の施設","指定喫煙場所","https://www.city.minato.tokyo.jp/shisetsu/sonota/kitsuen/39.html","赤坂地区","","赤坂三丁目2番先","","利用時間：5時から25時まで","","","","","","","","https://www.city.minato.tokyo.jp/images/161731/250808-01.png","施設・設備画像","https://www.city.minato.tokyo.jp/images/161731/250808-02.png","施設・設備画像","https://www.city.minato.tokyo.jp/images/161731/250808-03.png","施設・設備画像","","","","","35.676569","139.737086",""
"2025-03-21 12:01:36","白金高輪駅3番出口前指定喫煙場所","009013004000","複合施設・男女平等参画施設・その他の施設","指定喫煙場所","https://www.city.minato.tokyo.jp/shisetsu/sonota/kitsuen/40.html","高輪地区","","白金一丁目28番8号","","","","","","","","","","https://www.city.minato.tokyo.jp/images/161732/200121_08.png","施設・設備画像","","","","","","","","","35.643640","139.734116",""
"2025-03-21 12:01:36","六本木インターナショナルビル1階指定喫煙場所（セブンイレブン港区乃木坂駅南店内）","009013004000","複合施設・男女平等参画施設・その他の施設","指定喫煙場所","https://www.city.minato.tokyo.jp/shisetsu/sonota/kitsuen/43.html","麻布地区","","六本木七丁目3番12号","","","","利用時間:7時00分から19時00分","","","","","","https://www.city.minato.tokyo.jp/images/161734/43-01.png","施設・設備画像","https://www.city.minato.tokyo.jp/images/161734/43-02_1.png","施設・設備画像","","","","","","","35.665965","139.728475",""
"2025-03-21 12:01:36","NBF品川タワー2階指定喫煙場所（ファミリーマート品川グランパサージュ店内）","009013004000","複合施設・男女平等参画施設・その他の施設","指定喫煙場所","https://www.city.minato.tokyo.jp/shisetsu/sonota/kitsuen/44.html","芝浦港南地区","","港南二丁目16番5号","","","","利用時間:7時00分から21時00分","","","","","","https://www.city.minato.tokyo.jp/images/161735/44-01.jpg","施設・設備画像","","","","","","","","","35.625937","139.740812",""
"2025-03-21 12:01:36","表参道A1出口前指定喫煙場所","009013004000","複合施設・男女平等参画施設・その他の施設","指定喫煙場所","https://www.city.minato.tokyo.jp/shisetsu/sonota/kitsuen/51.html","赤坂地区","","北青山三丁目6番先","","","","","","","","","","https://www.city.minato.tokyo.jp/images/161739/omotesandou-a1.png","施設・設備画像","","","","","","","","","35.665986","139.710470",""
"2025-03-21 12:01:36","こうなん星の公園指定喫煙場所","009013004000","複合施設・男女平等参画施設・その他の施設","指定喫煙場所","https://www.city.minato.tokyo.jp/shisetsu/sonota/kitsuen/52.html","芝浦港南地区","","港南一丁目9番24号","","","","","","","","","","https://www.city.minato.tokyo.jp/images/161740/kounanhoshi.png","施設・設備画像","","","","","","","","","35.629700","139.742574",""
"2025-03-21 12:01:36","ファミリーマート元麻布店指定喫煙場所","009013004000","複合施設・男女平等参画施設・その他の施設","指定喫煙場所","https://www.city.minato.tokyo.jp/shisetsu/sonota/kitsuen/53.html","麻布地区","","元麻布二丁目2番12号","","","","","","","","","","https://www.city.minato.tokyo.jp/images/161741/motoazabu01.png","施設・設備画像","https://www.city.minato.tokyo.jp/images/161741/motoazabu02.png","施設・設備画像","","","","","","","35.654436","139.726274",""
"2025-03-27 18:11:20","PASONASQUARE指定喫煙場所","009013004000","複合施設・男女平等参画施設・その他の施設","指定喫煙場所","https://www.city.minato.tokyo.jp/shisetsu/sonota/kitsuen/58.html","赤坂地区","","南青山三丁目1番30号　PASONA SQUARE1階","","8時00分～20時00分（土曜日・日曜日・祝日・お盆・年末年始等は除く）","","","","","","","","https://www.city.minato.tokyo.jp/images/161746/58-01.png","施設・設備画像","https://www.city.minato.tokyo.jp/images/161746/58-02.png","施設・設備画像","","","","","","","35.667813","139.715684",""
"2025-03-21 12:01:37","KDX南青山ビル1階指定喫煙場所(セブンイレブン南青山5丁目店内)","009013004000","複合施設・男女平等参画施設・その他の施設","指定喫煙場所","https://www.city.minato.tokyo.jp/shisetsu/sonota/kitsuen/59.html","赤坂地区","","港区南青山五丁目13番3号","","","","","","","","","","https://www.city.minato.tokyo.jp/images/161747/180323kdx-01.png","施設・設備画像","https://www.city.minato.tokyo.jp/images/161747/180323kdx-02.png","施設・設備画像","","","","","","","35.661191","139.713931",""
"2025-03-21 12:01:37","ファースト岡田ビル1階指定喫煙場所（セブンイレブン三田駅北店内）","009013004000","複合施設・男女平等参画施設・その他の施設","指定喫煙場所","https://www.city.minato.tokyo.jp/shisetsu/sonota/kitsuen/60.html","芝地区","","港区芝四丁目3番5号","","","","","","","","","","https://www.city.minato.tokyo.jp/images/161748/180323-first01.png","施設・設備画像","https://www.city.minato.tokyo.jp/images/161748/180323-first02.png","施設・設備画像","https://www.city.minato.tokyo.jp/images/161748/180323-first03.png","施設・設備画像","","","","","35.649021","139.750182",""
"2025-03-21 12:01:37","芝浦SECビル1階指定喫煙場所（ファミリーマート田町東口店内）","009013004000","複合施設・男女平等参画施設・その他の施設","指定喫煙場所","https://www.city.minato.tokyo.jp/shisetsu/sonota/kitsuen/61.html","芝浦港南地区","","港区芝四丁目3番5号","","","","","","","","","","","","","","https://www.city.minato.tokyo.jp/images/161749/sec-01.png","施設・設備画像","https://www.city.minato.tokyo.jp/images/161749/sec-02.png","施設・設備画像","","","35.643075","139.749265",""
"2025-03-21 12:01:37","セブンイレブン新橋駅前店内指定喫煙場所","009013004000","複合施設・男女平等参画施設・その他の施設","指定喫煙場所","https://www.city.minato.tokyo.jp/shisetsu/sonota/kitsuen/63.html","芝地区","","港区新橋一丁目13番7号","","","","","","","","","","https://www.city.minato.tokyo.jp/images/161753/shinbashieki7-01.png","施設・設備画像","https://www.city.minato.tokyo.jp/images/161753/shinbashieki7-02.png","施設・設備画像","","","","","","","35.667732","139.758132",""
"2025-03-21 12:01:37","イケダヤ品川ビル1階指定喫煙場所（セブンイレブン港区港南2丁目店内）","009013004000","複合施設・男女平等参画施設・その他の施設","指定喫煙場所","https://www.city.minato.tokyo.jp/shisetsu/sonota/kitsuen/64.html","芝浦港南地区","","港区港南二丁目2番27号","","","","","","","","","","https://www.city.minato.tokyo.jp/images/161754/ikedaya-01.png","施設・設備画像","https://www.city.minato.tokyo.jp/images/161754/ikedaya-02.png","施設・設備画像","","","","","","","35.625492","139.745194",""
"2025-03-21 12:01:37","汐留ビルディング1階指定喫煙場所（セブンイレブン汐留ビルディング店内）","009013004000","複合施設・男女平等参画施設・その他の施設","指定喫煙場所","https://www.city.minato.tokyo.jp/shisetsu/sonota/kitsuen/66.html","芝地区","","港区海岸一丁目2番20号","","","","","","","","","","https://www.city.minato.tokyo.jp/images/161756/siodomebiru-01.png","施設・設備画像","https://www.city.minato.tokyo.jp/images/161756/siodomebiru-02.png","施設・設備画像","","","","","","","35.657247","139.759569",""
"2025-03-21 12:01:38","デックス東京ビーチ1階指定喫煙場所（ファミリーマートお台場東京ビーチ店内）","009013004000","複合施設・男女平等参画施設・その他の施設","指定喫煙場所","https://www.city.minato.tokyo.jp/shisetsu/sonota/kitsuen/68.html","芝浦港南地区","","港区台場一丁目6番1号","","","","","","","","","","https://www.city.minato.tokyo.jp/images/161758/dex-01.png","施設・設備画像","https://www.city.minato.tokyo.jp/images/161758/dex-02.png","施設・設備画像","","","","","","","35.628970","139.776453",""
"2025-03-21 12:01:39","六本木ファーストビル1階指定喫煙場所","009013004000","複合施設・男女平等参画施設・その他の施設","指定喫煙場所","https://www.city.minato.tokyo.jp/shisetsu/sonota/kitsuen/69.html","麻布地区","","港区六本木一丁目9番9号","","","","","","","","","","https://www.city.minato.tokyo.jp/images/161792/180706-01-01.png","施設・設備画像","https://www.city.minato.tokyo.jp/images/161792/180706-01-02.png","施設・設備画像","","","","","","","35.663237","139.741008",""
"2025-03-21 12:01:39","No.R浜松町1階指定喫煙場所（セブンイレブン浜松町1丁目北店内）","009013004000","複合施設・男女平等参画施設・その他の施設","指定喫煙場所","https://www.city.minato.tokyo.jp/shisetsu/sonota/kitsuen/70.html","芝地区","","港区浜松町一丁目2番1号","","","","","","","","","","https://www.city.minato.tokyo.jp/images/161793/180706-02-01.png","施設・設備画像","https://www.city.minato.tokyo.jp/images/161793/180706-02-02.png","施設・設備画像","","","","","","","35.660106","139.755971",""
"2025-03-21 12:01:39","TOKYUREIT虎ノ門ビル1階指定喫煙場所（セブンイレブン神谷町駅東店）","009013004000","複合施設・男女平等参画施設・その他の施設","指定喫煙場所","https://www.city.minato.tokyo.jp/shisetsu/sonota/kitsuen/71.html","芝地区","","港区虎ノ門三丁目17番1号","","","","","","","","","","https://www.city.minato.tokyo.jp/images/161794/180706-03-01.png","施設・設備画像","https://www.city.minato.tokyo.jp/images/161794/180706-03-02.png","施設・設備画像","","","","","","","35.663863","139.746357",""
"2025-03-21 12:01:39","フォーシーズ溜池山王ビル2階指定喫煙場所（ファミリーマート溜池山王駅南店内）","009013004000","複合施設・男女平等参画施設・その他の施設","指定喫煙場所","https://www.city.minato.tokyo.jp/shisetsu/sonota/kitsuen/72.html","赤坂地区","","港区赤坂2丁目10番11号","","","","","","","","","","https://www.city.minato.tokyo.jp/images/161795/180706-04-01.png","施設・設備画像","https://www.city.minato.tokyo.jp/images/161795/180706-04-02.png","施設・設備画像","","","","","","","35.670065","139.741517",""
"2025-03-21 12:01:39","お台場海浜公園内指定喫煙場所(1)","009013004000","複合施設・男女平等参画施設・その他の施設","指定喫煙場所","https://www.city.minato.tokyo.jp/shisetsu/sonota/kitsuen/73.html","芝浦港南地区","","台場一丁目4番","","","","","","","","","","https://www.city.minato.tokyo.jp/images/161796/odaiba01-01.png","施設・設備画像","https://www.city.minato.tokyo.jp/images/161796/odaiba01-02.png","施設・設備画像","","","","","","","35.635076","139.774851",""
"2025-03-21 12:01:39","お台場海浜公園内指定喫煙場所(2)","009013004000","複合施設・男女平等参画施設・その他の施設","指定喫煙場所","https://www.city.minato.tokyo.jp/shisetsu/sonota/kitsuen/74.html","芝浦港南地区","","台場一丁目4番","","","","","","","","","","https://www.city.minato.tokyo.jp/images/161797/odaiba02-01.png","施設・設備画像","https://www.city.minato.tokyo.jp/images/161797/odaiba02-02.png","施設・設備画像","","","","","","","35.631422","139.777765",""
"2025-03-21 12:01:39","お台場海浜公園内指定喫煙場所(3)","009013004000","複合施設・男女平等参画施設・その他の施設","指定喫煙場所","https://www.city.minato.tokyo.jp/shisetsu/sonota/kitsuen/75.html","芝浦港南地区","","台場一丁目4番","","","","","","","","","","https://www.city.minato.tokyo.jp/images/161798/odaiba03-01.png","施設・設備画像","","","","","","","","","35.629841","139.775525",""
"2025-03-21 12:01:39","お台場海浜公園内指定喫煙場所(4)","009013004000","複合施設・男女平等参画施設・その他の施設","指定喫煙場所","https://www.city.minato.tokyo.jp/shisetsu/sonota/kitsuen/76.html","芝浦港南地区","","台場一丁目4番","","","","","","","","","","https://www.city.minato.tokyo.jp/images/161799/odaiba04-01.png","施設・設備画像","https://www.city.minato.tokyo.jp/images/161799/odaiba04-02.png","施設・設備画像","","","","","","","35.629328","139.774200",""
"2025-03-21 12:01:39","お台場海浜公園内指定喫煙場所(5)","009013004000","複合施設・男女平等参画施設・その他の施設","指定喫煙場所","https://www.city.minato.tokyo.jp/shisetsu/sonota/kitsuen/77.html","芝浦港南地区","","台場一丁目4番","","","","","","","","","","https://www.city.minato.tokyo.jp/images/161800/odaiba05-01.png","施設・設備画像","https://www.city.minato.tokyo.jp/images/161800/odaiba05-02.png","施設・設備画像","","","","","","","35.626455","139.769715",""
"2025-03-21 12:01:40","竹芝客船ターミナル指定喫煙場所(1)","009013004000","複合施設・男女平等参画施設・その他の施設","指定喫煙場所","https://www.city.minato.tokyo.jp/shisetsu/sonota/kitsuen/78.html","芝地区","","港区海岸一丁目12番2号","","","","","","","","","","https://www.city.minato.tokyo.jp/images/161801/takeshiba01.png","施設・設備画像","","","","","","","","","35.654166","139.762262",""
"2025-03-21 12:01:40","竹芝客船ターミナル指定喫煙場所(2)","009013004000","複合施設・男女平等参画施設・その他の施設","指定喫煙場所","https://www.city.minato.tokyo.jp/shisetsu/sonota/kitsuen/79.html","芝地区","","港区海岸一丁目12番2号","","","","","","","","","","https://www.city.minato.tokyo.jp/images/161802/takeshiba02.png","施設・設備画像","","","","","","","","","35.654218","139.762606",""
"2025-03-21 12:01:40","竹芝客船ターミナル指定喫煙場所(3)","009013004000","複合施設・男女平等参画施設・その他の施設","指定喫煙場所","https://www.city.minato.tokyo.jp/shisetsu/sonota/kitsuen/80.html","芝地区","","港区海岸一丁目12番2号","","","","","","","","","","https://www.city.minato.tokyo.jp/images/161803/takeshiba03.png","施設・設備画像","","","","","","","","","35.654712","139.763270",""
"2025-03-21 12:01:40","芝1丁目ビル階指定喫煙場所（セブンイレブン港区芝1丁目店内）","009013004000","複合施設・男女平等参画施設・その他の施設","指定喫煙場所","https://www.city.minato.tokyo.jp/shisetsu/sonota/kitsuen/81.html","芝地区","","港区芝一丁目12番7号","","","","","","","","","","https://www.city.minato.tokyo.jp/images/161805/shiba1-01.png","施設・設備画像","https://www.city.minato.tokyo.jp/images/161805/shiba1-02.png","施設・設備画像","","","","","","","35.650904","139.755070",""
"2025-03-21 12:01:40","ラピロス六本木地下1階指定喫煙場所（ファミリーマート地下鉄六本木店内）","009013004000","複合施設・男女平等参画施設・その他の施設","指定喫煙場所","https://www.city.minato.tokyo.jp/shisetsu/sonota/kitsuen/82.html","麻布地区","","港区六本木六丁目1番24号","","","","","","","","","","https://www.city.minato.tokyo.jp/images/161806/rapirosu-01.png","施設・設備画像","https://www.city.minato.tokyo.jp/images/161806/rapirosu-02.png","施設・設備画像","","","","","","","35.662429","139.731886",""
"2025-03-21 12:01:40","msbTamachi田町ステーションタワーS1階指定喫煙場所","009013004000","複合施設・男女平等参画施設・その他の施設","指定喫煙場所","https://www.city.minato.tokyo.jp/shisetsu/sonota/kitsuen/83.html","芝浦港南地区","","港区芝浦三丁目1番21号","","","","","","","","","","https://www.city.minato.tokyo.jp/images/161808/musubu-01-01.png","施設・設備画像","https://www.city.minato.tokyo.jp/images/161808/musubu-01-02.png","施設・設備画像","","","","","","","35.644973","139.749108",""
"2025-03-21 12:01:40","msbTamachi田町ステーションタワーS2階指定喫煙場所","009013004000","複合施設・男女平等参画施設・その他の施設","指定喫煙場所","https://www.city.minato.tokyo.jp/shisetsu/sonota/kitsuen/84.html","芝浦港南地区","","港区芝浦三丁目1番21号","","","","","","","","","","https://www.city.minato.tokyo.jp/images/161809/musubu-02-01.png","施設・設備画像","https://www.city.minato.tokyo.jp/images/161809/musubu-02-02.png","施設・設備画像","","","","","","","35.644973","139.749108",""
"2025-03-21 12:01:40","浜松町エクセレントビル2階指定喫煙場所","009013004000","複合施設・男女平等参画施設・その他の施設","指定喫煙場所","https://www.city.minato.tokyo.jp/shisetsu/sonota/kitsuen/85.html","芝地区","","港区浜松町二丁目6番5号","","","","","","","","","","https://www.city.minato.tokyo.jp/images/161810/190307-01.png","施設・設備画像","https://www.city.minato.tokyo.jp/images/161810/190307-02.png","施設・設備画像","","","","","","","35.654439","139.755862",""
"2025-03-21 12:01:41","キャピタル赤坂ビル1階指定喫煙場所（ファミリーマート赤坂一丁目店内）","009013004000","複合施設・男女平等参画施設・その他の施設","指定喫煙場所","https://www.city.minato.tokyo.jp/shisetsu/sonota/kitsuen/86.html","赤坂地区","","港区赤坂一丁目7番19号","","","","","","","","","","https://www.city.minato.tokyo.jp/images/161818/190403-01.png","施設・設備画像","https://www.city.minato.tokyo.jp/images/161818/190403-02.png","施設・設備画像","","","","","","","35.669355","139.741481",""
"2025-03-21 12:01:41","御成門BNビル1階指定喫煙場所(セブンイレブン御成門駅北店内）","009013004000","複合施設・男女平等参画施設・その他の施設","指定喫煙場所","https://www.city.minato.tokyo.jp/shisetsu/sonota/kitsuen/87.html","芝地区","","港区新橋六丁目16番10号","","","","","","","","","","https://www.city.minato.tokyo.jp/images/161819/87.png","施設・設備画像","https://www.city.minato.tokyo.jp/images/161819/87-2.png","施設・設備画像","","","","","","","35.662117","139.752195",""
"2025-03-21 12:01:41","新橋2丁目指定喫煙場所","009013004000","複合施設・男女平等参画施設・その他の施設","指定喫煙場所","https://www.city.minato.tokyo.jp/shisetsu/sonota/kitsuen/88.html","芝地区","","港区新橋二丁目20番先","","","","","","","","","","https://www.city.minato.tokyo.jp/images/161820/88.png","施設・設備画像","","","","","","","","","35.666414","139.759852",""
"2025-03-21 12:01:41","芝生花ビル1階指定喫煙場所(ファミリーマート芝五丁目店内）","009013004000","複合施設・男女平等参画施設・その他の施設","指定喫煙場所","https://www.city.minato.tokyo.jp/shisetsu/sonota/kitsuen/89.html","芝地区","","港区芝五丁目10番8号","","","","","","","","","","https://www.city.minato.tokyo.jp/images/161821/190702-01.png","施設・設備画像","https://www.city.minato.tokyo.jp/images/161821/190702-02.png","施設・設備画像","","","","","","","35.648981","139.746268",""
"2025-03-21 12:01:41","エスプラザ弥生ビルⅡ2階指定喫煙場所（ファミリーマート新橋駅西店内）","009013004000","複合施設・男女平等参画施設・その他の施設","指定喫煙場所","https://www.city.minato.tokyo.jp/shisetsu/sonota/kitsuen/90.html","芝地区","","港区新橋二丁目15番9号","","","","","","","","","","https://www.city.minato.tokyo.jp/images/161822/190705-01.png","施設・設備画像","https://www.city.minato.tokyo.jp/images/161822/190705-02.png","施設・設備画像","","","","","","","35.666261","139.756655",""
"2025-03-21 12:01:41","鈴与竹芝ビル1階指定喫煙場所(ファミリーマート南山堂竹芝駅前店内）","009013004000","複合施設・男女平等参画施設・その他の施設","指定喫煙場所","https://www.city.minato.tokyo.jp/shisetsu/sonota/kitsuen/91.html","芝地区","","港区海岸一丁目13番3号","","","","","","","","","","https://www.city.minato.tokyo.jp/images/161825/190919-01.png","施設・設備画像","https://www.city.minato.tokyo.jp/images/161825/190919-02.png","施設・設備画像","","","","","","","35.654796","139.762177",""
"2025-03-21 12:01:44","theARGYLEaoyamaビル2階指定喫煙場所","009013004000","複合施設・男女平等参画施設・その他の施設","指定喫煙場所","https://www.city.minato.tokyo.jp/shisetsu/sonota/kitsuen/95.html","赤坂地区","","港区北青山二丁目14番4号","","","","","","","","","","https://www.city.minato.tokyo.jp/images/161868/200814-01.png","施設・設備画像","https://www.city.minato.tokyo.jp/images/161868/200814-02.png","施設・設備画像","","","","","","","35.669557","139.715792",""
"2025-03-21 12:01:44","msbTamachi田町ステーションタワーN（1）","009013004000","複合施設・男女平等参画施設・その他の施設","指定喫煙場所","https://www.city.minato.tokyo.jp/shisetsu/sonota/kitsuen/96.html","芝浦港南地区","","港区芝浦三丁目1番1号","","","","","","","","","","https://www.city.minato.tokyo.jp/images/161869/msbn01-01.png","施設・設備画像","https://www.city.minato.tokyo.jp/images/161869/msbn01-02.png","施設・設備画像","","","","","","","35.645843","139.749787",""
"2025-03-21 12:01:44","msbTamachi田町ステーションタワーN（2）","009013004000","複合施設・男女平等参画施設・その他の施設","指定喫煙場所","https://www.city.minato.tokyo.jp/shisetsu/sonota/kitsuen/97.html","芝浦港南地区","","港区芝浦三丁目1番1号","","","","","","","","","","https://www.city.minato.tokyo.jp/images/161870/msbn02-01.png","施設・設備画像","https://www.city.minato.tokyo.jp/images/161870/msbn02-02.png","施設・設備画像","","","","","","","35.64602408890597","139.74967956736614",""
"2025-03-21 12:01:44","ファミリーマート港南一丁目店内指定喫煙場所","009013004000","複合施設・男女平等参画施設・その他の施設","指定喫煙場所","https://www.city.minato.tokyo.jp/shisetsu/sonota/kitsuen/98.html","芝浦港南地区","","港区港南1-7-18A-PLACE品川東1階","","","","","","","","","","https://www.city.minato.tokyo.jp/images/161873/dbc_01.png","施設・設備画像","https://www.city.minato.tokyo.jp/images/161873/dbc_02.png","施設・設備画像","","","","","","","35.630965","139.744849",""
"2025-03-21 12:01:44","ウォーターズ竹芝シアター棟1F指定喫煙場所","009013004000","複合施設・男女平等参画施設・その他の施設","指定喫煙場所","https://www.city.minato.tokyo.jp/shisetsu/sonota/kitsuen/99.html","芝地区","","港区海岸1丁目10番45号","","","","","","","","","","https://www.city.minato.tokyo.jp/images/161874/wt_01.png","施設・設備画像","","","","","","","","","35.656207","139.762670",""
"2025-03-21 12:01:44","ウォーターズ竹芝シアター棟2F指定喫煙場所","009013004000","複合施設・男女平等参画施設・その他の施設","指定喫煙場所","https://www.city.minato.tokyo.jp/shisetsu/sonota/kitsuen/100.html","芝地区","","港区海岸1丁目10番45号","","","","","","","","","","https://www.city.minato.tokyo.jp/images/161875/wt2_01.png","施設・設備画像","","","","","","","","","35.656207","139.762670",""
"2025-03-21 12:01:44","ヒューリックJP赤坂ビル1階指定喫煙場所","009013004000","複合施設・男女平等参画施設・その他の施設","指定喫煙場所","https://www.city.minato.tokyo.jp/shisetsu/sonota/kitsuen/101.html","赤坂地区","","港区赤坂二丁目5番8号","","","","","","","","","","https://www.city.minato.tokyo.jp/images/161878/210125-01.png","施設・設備画像","https://www.city.minato.tokyo.jp/images/161878/210125-02.png","施設・設備画像","","","","","","","35.672676","139.740019",""
"2025-03-21 12:01:44","セブンイレブン港区芝5丁目東店内指定喫煙場所","009013004000","複合施設・男女平等参画施設・その他の施設","指定喫煙場所","https://www.city.minato.tokyo.jp/shisetsu/sonota/kitsuen/102.html","芝地区","","港区芝五丁目22番3号","","","","","","","","","","https://www.city.minato.tokyo.jp/images/161879/210125-03.png","施設・設備画像","https://www.city.minato.tokyo.jp/images/161879/210125-04.png","施設・設備画像","","","","","","","35.648439","139.746563",""
"2025-03-27 20:09:04","東麻布二丁目複合施設","009013001000","複合施設・男女平等参画施設・その他の施設","複合施設","https://www.city.minato.tokyo.jp/shisetsu/fukugo/fukugo/01.html","麻布地区","","東麻布2-1-1","","","","","","","","","","https://www.city.minato.tokyo.jp/images/161889/building_image_002.jpg","施設・設備画像","","","","","","","","","35.658298","139.742729",""
"2025-07-14 11:57:41","赤坂コミュニティーぷらざ","009013001000","複合施設・男女平等参画施設・その他の施設","複合施設","https://www.city.minato.tokyo.jp/shisetsu/fukugo/fukugo/02.html","赤坂地区","","赤坂4-18-13","","","","","","","","","","https://www.city.minato.tokyo.jp/images/161890/building_image_003.jpg","施設・設備画像","","","","","","","","","35.674772","139.731362",""
"2025-03-27 20:14:31","赤坂九丁目施設","009013001000","複合施設・男女平等参画施設・その他の施設","複合施設","https://www.city.minato.tokyo.jp/shisetsu/fukugo/fukugo/03.html","赤坂地区","","赤坂9-4-2","","","","","","","","","","https://www.city.minato.tokyo.jp/images/161891/building_image_005.jpg","施設・設備画像","","","","","","","","","35.668319","139.729766",""
"2025-03-27 20:16:37","ゆかしの杜","009013001000","複合施設・男女平等参画施設・その他の施設","複合施設","https://www.city.minato.tokyo.jp/shisetsu/fukugo/fukugo/04.html","高輪地区","","白金台4-6-2","","","","","","","","","","https://www.city.minato.tokyo.jp/images/161892/building_image_010.jpg","施設・設備画像","","","","","","","","","35.639108","139.726485",""
"2025-05-20 16:25:20","みなとパーク芝浦","009013001000","複合施設・男女平等参画施設・その他の施設","複合施設","https://www.city.minato.tokyo.jp/shisetsu/fukugo/fukugo/05.html","芝浦港南地区","","芝浦1-16-1","","","","","","","","","","https://www.city.minato.tokyo.jp/images/161893/park-01.jpg","みなとパーク芝浦の外観","https://www.city.minato.tokyo.jp/images/161893/1608-minatopark-map.png","みなとパーク芝浦の地図","","","","","","","35.646616","139.751724",""
"2025-03-27 20:20:38","さんぽーと港南","009013001000","複合施設・男女平等参画施設・その他の施設","複合施設","https://www.city.minato.tokyo.jp/shisetsu/fukugo/fukugo/06.html","芝浦港南地区","","港南4-3-7","","","","","","","","","","https://www.city.minato.tokyo.jp/images/161894/building_image_012.jpg","施設・設備画像","","","","","","","","","35.631261","139.749673",""
"2025-03-27 20:26:13","プラザ神明","009013001000","複合施設・男女平等参画施設・その他の施設","複合施設","https://www.city.minato.tokyo.jp/shisetsu/sonota/sonota03.html","芝地区","竣工年等：H24(2012)竣工
施設名称：神明いきいきプラザ、神明保育園、神明子ども中高生プラザ","浜松町1-6-7","","","","","","","","","","https://www.city.minato.tokyo.jp/images/161897/building_image_021.jpg","施設・設備画像","","","","","","","","","35.658691","139.757702",""
"2025-03-27 20:24:07","神応ほっとプラザ","009013001000","複合施設・男女平等参画施設・その他の施設","複合施設","https://www.city.minato.tokyo.jp/shisetsu/sonota/sonota06.html","芝地区","","港区白金六丁目9番5号","","","","","","","","","","","","","","","","","","","","35.643652877365206","139.72457721175044",""
"2025-05-20 14:58:21","シティハイツ神明","009013002000","複合施設・男女平等参画施設・その他の施設","シティハイツ","https://www.city.minato.tokyo.jp/shisetsu/city-heights/shiba/01.html","芝地区","","浜松町1-13-1","","","","","","","","","","https://www.city.minato.tokyo.jp/images/161943/building_image_023.jpg","施設・設備画像","","","","","","","","","35.658767","139.757163",""
"2025-03-28 18:41:35","シティハイツ六本木","009013002000","複合施設・男女平等参画施設・その他の施設","シティハイツ","https://www.city.minato.tokyo.jp/shisetsu/city-heights/azabu/01.html","麻布地区","","六本木6-5-25","","","","","","","","","","https://www.city.minato.tokyo.jp/images/161944/building_image_001.jpg","施設・設備画像","","","","","","","","","35.661003","139.730802",""
"2025-03-28 18:42:02","シティハイツ一ツ木","009013002000","複合施設・男女平等参画施設・その他の施設","シティハイツ","https://www.city.minato.tokyo.jp/shisetsu/city-heights/akasaka/01.html","赤坂地区","","赤坂5-2-50","","","","","","","","","","https://www.city.minato.tokyo.jp/images/161945/building_image_004.jpg","施設・設備画像","","","","","","","","","35.673299","139.734248",""
"2025-03-28 18:42:25","シティハイツ桂坂","009013002000","複合施設・男女平等参画施設・その他の施設","シティハイツ","https://www.city.minato.tokyo.jp/shisetsu/city-heights/takanawa/01.html","芝浦港南地区","","高輪2-13-8","","","","","","","","","","https://www.city.minato.tokyo.jp/images/161946/building_image_008.jpg","施設・設備画像","","","","","","","","","35.634398","139.737943",""
"2025-03-28 18:46:55","シティハイツ白金","009013002000","複合施設・男女平等参画施設・その他の施設","シティハイツ","https://www.city.minato.tokyo.jp/shisetsu/city-heights/takanawa/02.html","高輪地区","","白金3-7-9","","","","","","","","","","https://www.city.minato.tokyo.jp/images/161947/building_image_009.jpg","施設・設備画像","","","","","","","","","35.645905","139.730306",""
"2026-03-17 14:16:12","（仮称）シティハイツ車町","009013002000","複合施設・男女平等参画施設・その他の施設","シティハイツ","https://www.city.minato.tokyo.jp/shisetsu/city-heights/takanawa/03.html","高輪地区","開設予定年度：未定","高輪2-19（予定）","","","","","","","","","","","","","","","","","","","","35.637762","139.740239",""
"2025-03-28 18:50:27","シティハイツ港南等","009013002000","複合施設・男女平等参画施設・その他の施設","シティハイツ","https://www.city.minato.tokyo.jp/shisetsu/city-heights/konan/01.html","芝浦港南地区","","港南3-3-17","","","","","","","","","","https://www.city.minato.tokyo.jp/images/161949/building_image_013.jpg","施設・設備画像","","","","","","","","","35.633092","139.749676",""
"2025-03-28 18:50:53","シティハイツ芝浦","009013002000","複合施設・男女平等参画施設・その他の施設","シティハイツ","https://www.city.minato.tokyo.jp/shisetsu/city-heights/konan/02.html","芝浦港南地区","","芝浦3-5-34","","","","","","","","","","https://www.city.minato.tokyo.jp/images/161950/building_image_014.jpg","施設・設備画像","","","","","","","","","35.643438","139.747921",""
"2025-03-28 18:51:17","シティハイツ第2芝浦","009013002000","複合施設・男女平等参画施設・その他の施設","シティハイツ","https://www.city.minato.tokyo.jp/shisetsu/city-heights/konan/03.html","芝浦港南地区","","芝浦3-5-35","","","","","","","","","","https://www.city.minato.tokyo.jp/images/161951/building_image_026.jpg","施設・設備画像","","","","","","","","","35.643607","139.748278",""
"2025-03-28 18:51:39","シティハイツ高浜","009013002000","複合施設・男女平等参画施設・その他の施設","シティハイツ","https://www.city.minato.tokyo.jp/shisetsu/city-heights/konan/04.html","高輪地区","","港南1-1-27","","","","","","","","","","","","","","","","","","","","35.637677","139.743712",""
"2025-03-27 18:50:42","狸橋","009013006000","複合施設・男女平等参画施設・その他の施設","橋梁","https://www.city.minato.tokyo.jp/shisetsu/bridge/bridge/01.html","麻布地区","","南麻布四丁目13番先から白金五丁目1番先に至る","","","","","","","","","","https://www.city.minato.tokyo.jp/images/161955/bridge_image_052.jpg","施設・設備画像","https://www.city.minato.tokyo.jp/images/161955/bridge_image_053.jpg","施設・設備画像","","","","","","","35.646432","139.724381",""
"2025-03-27 18:52:08","五之橋","009013006000","複合施設・男女平等参画施設・その他の施設","橋梁","https://www.city.minato.tokyo.jp/shisetsu/bridge/bridge/02.html","麻布地区","","南麻布三丁目22番先から白金五丁目3番先に至る","","","","","","","","","","https://www.city.minato.tokyo.jp/images/161956/bridge_image_054.jpg","施設・設備画像","https://www.city.minato.tokyo.jp/images/161956/bridge_image_055.jpg","施設・設備画像","","","","","","","35.646496","139.728042",""
"2025-03-27 18:53:30","新古川橋","009013006000","複合施設・男女平等参画施設・その他の施設","橋梁","https://www.city.minato.tokyo.jp/shisetsu/bridge/bridge/04.html","麻布地区","","南麻布二丁目15番先から白金一丁目1番先に至る","","","","","","","","","","https://www.city.minato.tokyo.jp/images/161957/bridge_image_006.jpg","施設・設備画像","https://www.city.minato.tokyo.jp/images/161957/bridge_image_005.jpg","施設・設備画像","","","","","","","35.646886","139.733472",""
"2025-03-27 18:54:45","二之橋","009013006000","複合施設・男女平等参画施設・その他の施設","橋梁","https://www.city.minato.tokyo.jp/shisetsu/bridge/bridge/05.html","麻布地区","","麻布十番四丁目6番先から三田二丁目1番先に至る","","","","","","","","","","https://www.city.minato.tokyo.jp/images/161958/bridge_image_056.jpg","施設・設備画像","https://www.city.minato.tokyo.jp/images/161958/bridge_image_057.jpg","施設・設備画像","","","","","","","35.652594","139.736891",""
"2025-03-27 18:55:55","一之橋","009013006000","複合施設・男女平等参画施設・その他の施設","橋梁","https://www.city.minato.tokyo.jp/shisetsu/bridge/bridge/06.html","麻布地区","","東麻布三丁目9番先から三田一丁目10番先に至る","","","","","","","","","","https://www.city.minato.tokyo.jp/images/161959/bridge_image_058.jpg","施設・設備画像","https://www.city.minato.tokyo.jp/images/161959/bridge_image_059.jpg","施設・設備画像","","","","","","","35.655354","139.737640",""
"2025-03-27 18:57:17","新堀橋","009013006000","複合施設・男女平等参画施設・その他の施設","橋梁","https://www.city.minato.tokyo.jp/shisetsu/bridge/bridge/07.html","麻布地区","","東麻布二丁目35番先から三田一丁目1番先に至る","","","","","","","","","","https://www.city.minato.tokyo.jp/images/161960/bridge_image_008.jpg","施設・設備画像","https://www.city.minato.tokyo.jp/images/161960/bridge_image_007.jpg","施設・設備画像","","","","","","","35.655402","139.739511",""
"2025-03-27 18:58:24","中之橋","009013006000","複合施設・男女平等参画施設・その他の施設","橋梁","https://www.city.minato.tokyo.jp/shisetsu/bridge/bridge/08.html","麻布地区","","東麻布一丁目30番先から三田一丁目2番先に至る","","","","","","","","","","https://www.city.minato.tokyo.jp/images/161961/bridge_image_010.jpg","施設・設備画像","https://www.city.minato.tokyo.jp/images/161961/bridge_image_009.jpg","施設・設備画像","","","","","","","35.654939","139.741652",""
"2025-03-27 18:59:34","将監橋","009013006000","複合施設・男女平等参画施設・その他の施設","橋梁","https://www.city.minato.tokyo.jp/shisetsu/bridge/bridge/09.html","芝地区","","芝大門二丁目13番先から芝二丁目1番先に至る","","","","","","","","","","https://www.city.minato.tokyo.jp/images/161962/bridge_image_012.jpg","施設・設備画像","https://www.city.minato.tokyo.jp/images/161962/bridge_image_011.jpg","施設・設備画像","","","","","","","35.653336","139.752517",""
"2025-03-27 19:00:44","新浜橋","009013006000","複合施設・男女平等参画施設・その他の施設","橋梁","https://www.city.minato.tokyo.jp/shisetsu/bridge/bridge/10.html","芝地区","","海岸一丁目5番先から芝浦一丁目1番先に至る","","","","","","","","","","https://www.city.minato.tokyo.jp/images/161963/bridge_image_014.jpg","施設・設備画像","https://www.city.minato.tokyo.jp/images/161963/bridge_image_013.jpg","施設・設備画像","","","","","","","35.652994","139.757243",""
"2025-03-27 19:02:03","東芝浦橋","009013006000","複合施設・男女平等参画施設・その他の施設","橋梁","https://www.city.minato.tokyo.jp/shisetsu/bridge/bridge/11.html","芝浦港南地区","","芝浦一丁目1番先から海岸二丁目1番先に至る","","","","","","","","","","https://www.city.minato.tokyo.jp/images/161964/bridge_image_016.jpg","施設・設備画像","https://www.city.minato.tokyo.jp/images/161964/bridge_image_015.jpg","施設・設備画像","","","","","","","35.652149","139.759006",""
"2025-03-27 19:03:09","新芝浦橋","009013006000","複合施設・男女平等参画施設・その他の施設","橋梁","https://www.city.minato.tokyo.jp/shisetsu/bridge/bridge/12.html","芝浦港南地区","","芝浦一丁目1番先から海岸二丁目1番先に至る","","","","","","","","","","https://www.city.minato.tokyo.jp/images/161965/bridge_image_018.jpg","施設・設備画像","https://www.city.minato.tokyo.jp/images/161965/bridge_image_017.jpg","施設・設備画像","","","","","","","35.650355","139.758259",""
"2025-03-27 19:04:33","浦島橋","009013006000","複合施設・男女平等参画施設・その他の施設","橋梁","https://www.city.minato.tokyo.jp/shisetsu/bridge/bridge/13.html","芝浦港南地区","","芝浦二丁目2番先から海岸三丁目2番先に至る","","","","","","","","","","https://www.city.minato.tokyo.jp/images/161966/bridge_image_021.jpg","施設・設備画像","","","","","","","","","35.645150","139.755494",""
"2025-03-27 19:05:59","港栄橋","009013006000","複合施設・男女平等参画施設・その他の施設","橋梁","https://www.city.minato.tokyo.jp/shisetsu/bridge/bridge/16.html","芝浦港南地区","","芝浦四丁目20番先から海岸三丁目5番先に至る","","","","","","","","","","https://www.city.minato.tokyo.jp/images/161967/bridge_image_023.jpg","施設・設備画像","https://www.city.minato.tokyo.jp/images/161967/bridge_image_022.jpg","施設・設備画像","","","","","","","35.638121","139.752004",""
"2025-03-27 19:07:15","竹芝橋","009013006000","複合施設・男女平等参画施設・その他の施設","橋梁","https://www.city.minato.tokyo.jp/shisetsu/bridge/bridge/17.html","芝浦港南地区","","芝浦一丁目6番先から芝浦二丁目17番先に至る","","","","","","","","","","https://www.city.minato.tokyo.jp/images/161968/bridge_image_025.jpg","施設・設備画像","https://www.city.minato.tokyo.jp/images/161968/bridge_image_024.jpg","施設・設備画像","","","","","","","35.645884","139.753849",""
"2025-03-27 19:08:23","汐彩橋","009013006000","複合施設・男女平等参画施設・その他の施設","橋梁","https://www.city.minato.tokyo.jp/shisetsu/bridge/bridge/18.html","芝浦港南地区","","芝浦四丁目22番先から海岸三丁目4番先に至る","","","","","","","","","","https://www.city.minato.tokyo.jp/images/161969/bridge_image_050.jpg","施設・設備画像","https://www.city.minato.tokyo.jp/images/161969/bridge_image_051.jpg","施設・設備画像","","","","","","","35.640525","139.753099",""
"2025-03-27 19:09:28","鹿島橋","009013006000","複合施設・男女平等参画施設・その他の施設","橋梁","https://www.city.minato.tokyo.jp/shisetsu/bridge/bridge/19.html","芝浦港南地区","","芝浦三丁目1番先から芝浦一丁目16番先に至る","","","","","","","","","","https://www.city.minato.tokyo.jp/images/161970/bridge_image_048.jpg","施設・設備画像","https://www.city.minato.tokyo.jp/images/161970/bridge_image_049.jpg","施設・設備画像","","","","","","","35.644968","139.750986",""
"2025-03-27 19:10:57","香取橋","009013006000","複合施設・男女平等参画施設・その他の施設","橋梁","https://www.city.minato.tokyo.jp/shisetsu/bridge/bridge/20.html","芝浦港南地区","","芝浦一丁目16番先から芝浦二丁目17番先に至る","","","","","","","","","","https://www.city.minato.tokyo.jp/images/161971/bridge_image_046.jpg","施設・設備画像","https://www.city.minato.tokyo.jp/images/161971/bridge_image_047.jpg","施設・設備画像","","","","","","","35.644844","139.751425",""
"2025-03-27 19:12:18","霞橋","009013006000","複合施設・男女平等参画施設・その他の施設","橋梁","https://www.city.minato.tokyo.jp/shisetsu/bridge/bridge/21.html","芝浦港南地区","","芝浦三丁目7番先から芝浦二丁目13番先に至る","","","","","","","","","","https://www.city.minato.tokyo.jp/images/161972/bridge_image_044.jpg","施設・設備画像","https://www.city.minato.tokyo.jp/images/161972/bridge_image_045.jpg","施設・設備画像","","","","","","","35.644371","139.751246",""
"2025-03-27 19:15:24","新芝橋","009013006000","複合施設・男女平等参画施設・その他の施設","橋梁","https://www.city.minato.tokyo.jp/shisetsu/bridge/bridge/22.html","芝浦港南地区","","芝浦三丁目2番先から芝浦三丁目6番先に至る","","","","","","","","","","https://www.city.minato.tokyo.jp/images/161973/bridge_image_042.jpg","施設・設備画像","https://www.city.minato.tokyo.jp/images/161973/bridge_image_043.jpg","施設・設備画像","","","","","","","35.643800","139.748987",""
"2025-03-27 19:18:16","百代橋","009013006000","複合施設・男女平等参画施設・その他の施設","橋梁","https://www.city.minato.tokyo.jp/shisetsu/bridge/bridge/23.html","芝浦港南地区","","芝浦三丁目20番先から芝浦四丁目5番先に至る","","","","","","","","","","https://www.city.minato.tokyo.jp/images/161974/bridge_image_040.jpg","施設・設備画像","https://www.city.minato.tokyo.jp/images/161974/bridge_image_041.jpg","施設・設備画像","","","","","","","35.642128","139.746166",""
"2025-03-27 19:19:18","渚橋","009013006000","複合施設・男女平等参画施設・その他の施設","橋梁","https://www.city.minato.tokyo.jp/shisetsu/bridge/bridge/24.html","芝浦港南地区","","芝浦三丁目18番先から芝浦四丁目21番先に至る","","","","","","","","","","https://www.city.minato.tokyo.jp/images/161975/bridge_image_036.jpg","施設・設備画像","https://www.city.minato.tokyo.jp/images/161975/bridge_image_037.jpg","施設・設備画像","","","","","","","35.641540","139.750717",""
"2025-03-27 19:21:02","浜路橋","009013006000","複合施設・男女平等参画施設・その他の施設","橋梁","https://www.city.minato.tokyo.jp/shisetsu/bridge/bridge/26.html","芝浦港南地区","","港南一丁目3番先から港南三丁目5番先に至る","","","","","","","","","","https://www.city.minato.tokyo.jp/images/161976/bridge_image_030.jpg","施設・設備画像","https://www.city.minato.tokyo.jp/images/161976/bridge_image_031.jpg","施設・設備画像","","","","","","","35.634838","139.747843",""
"2025-03-27 19:22:26","御楯橋","009013006000","複合施設・男女平等参画施設・その他の施設","橋梁","https://www.city.minato.tokyo.jp/shisetsu/bridge/bridge/27.html","芝浦港南地区","","港南一丁目6番先から港南四丁目5番先に至る","","","","","","","","","","https://www.city.minato.tokyo.jp/images/161977/bridge_image_028.jpg","施設・設備画像","https://www.city.minato.tokyo.jp/images/161977/bridge_image_029.jpg","施設・設備画像","","","","","","","35.629033","139.746006",""
"2025-03-27 19:23:43","楽水橋","009013006000","複合施設・男女平等参画施設・その他の施設","橋梁","https://www.city.minato.tokyo.jp/shisetsu/bridge/bridge/28.html","芝浦港南地区","","港南二丁目12番先から港南四丁目5番先に至る","","","","","","","","","","https://www.city.minato.tokyo.jp/images/161978/bridge_image_027.jpg","施設・設備画像","","","","","","","","","35.624722","139.746133",""
"2025-03-21 12:01:53","赤坂一丁目陸橋","009013006000","複合施設・男女平等参画施設・その他の施設","橋梁","https://www.city.minato.tokyo.jp/shisetsu/bridge/bridge/30.html","赤坂地区","","赤坂一丁目14番先から赤坂一丁目13番先","","","","","","","","","","","","","","","","","","","","35.666792","139.741611",""
"2025-03-27 19:24:58","三之橋","009013006000","複合施設・男女平等参画施設・その他の施設","橋梁","https://www.city.minato.tokyo.jp/shisetsu/bridge/bridge/37.html","麻布地区","","南麻布二丁目6番先から三田五丁目1番先に至る","","","","","","","","","","https://www.city.minato.tokyo.jp/images/161980/bridge_image_062.jpg","施設・設備画像","https://www.city.minato.tokyo.jp/images/161980/bridge_image_063.jpg","施設・設備画像","","","","","","","35.648554","139.737400",""
"2025-03-27 19:26:06","四之橋","009013006000","複合施設・男女平等参画施設・その他の施設","橋梁","https://www.city.minato.tokyo.jp/shisetsu/bridge/bridge/38.html","麻布地区","","南麻布三丁目から白金五丁目に至る","","","","","","","","","","https://www.city.minato.tokyo.jp/images/161981/bridge_image_064.jpg","施設・設備画像","https://www.city.minato.tokyo.jp/images/161981/bridge_image_065.jpg","施設・設備画像","","","","","","","35.647081","139.731605",""
"2025-03-27 19:27:02","小山橋","009013006000","複合施設・男女平等参画施設・その他の施設","橋梁","https://www.city.minato.tokyo.jp/shisetsu/bridge/bridge/39.html","麻布地区","","麻布十番四丁目から三田二丁目に至る","","","","","","","","","","https://www.city.minato.tokyo.jp/images/161982/bridge_image_066.jpg","施設・設備画像","https://www.city.minato.tokyo.jp/images/161982/bridge_image_067.jpg","施設・設備画像","","","","","","","35.654011","139.737599",""
"2025-03-27 19:28:10","末広橋","009013006000","複合施設・男女平等参画施設・その他の施設","橋梁","https://www.city.minato.tokyo.jp/shisetsu/bridge/bridge/40.html","芝浦港南地区","","芝浦一丁目から海岸二丁目に至る","","","","","","","","","","https://www.city.minato.tokyo.jp/images/161983/bridge_image_068.jpg","施設・設備画像","https://www.city.minato.tokyo.jp/images/161983/bridge_image_069.jpg","施設・設備画像","","","","","","","35.649198","139.757647",""
"2025-03-27 19:29:45","芝浦橋","009013006000","複合施設・男女平等参画施設・その他の施設","橋梁","https://www.city.minato.tokyo.jp/shisetsu/bridge/bridge/41.html","芝浦港南地区","","芝浦四丁目から港南一丁目に至る","","","","","","","","","","https://www.city.minato.tokyo.jp/images/161984/bridge_image_070.jpg","施設・設備画像","https://www.city.minato.tokyo.jp/images/161984/bridge_image_071.jpg","施設・設備画像","","","","","","","35.637488","139.744536",""
"2025-03-21 12:01:53","関根ビル1階指定喫煙場所","009013004000","複合施設・男女平等参画施設・その他の施設","指定喫煙場所","https://www.city.minato.tokyo.jp/shisetsu/sonota/kitsuen/103.html","赤坂地区","","港区赤坂二丁目13番21号","","","","","","","","","","https://www.city.minato.tokyo.jp/images/161987/01.png","施設・設備画像","https://www.city.minato.tokyo.jp/images/161987/02.png","施設・設備画像","","","","","","","35.67282633371143","139.7380944073847",""
"2025-03-21 12:01:53","セブンイレブン芝2丁目金杉橋店内指定喫煙場所","009013004000","複合施設・男女平等参画施設・その他の施設","指定喫煙場所","https://www.city.minato.tokyo.jp/shisetsu/sonota/kitsuen/104.html","芝地区","","港区芝二丁目3番3号芝二丁目大門ビルディング1階","","","","","","","","","","https://www.city.minato.tokyo.jp/images/161988/01_1.png","施設・設備画像","https://www.city.minato.tokyo.jp/images/161988/02_1.png","施設・設備画像","","","","","","","35.65262436865979","139.75375607305435",""
"2025-03-21 12:01:53","日比谷フォートタワー1階指定喫煙場所","009013004000","複合施設・男女平等参画施設・その他の施設","指定喫煙場所","https://www.city.minato.tokyo.jp/shisetsu/sonota/kitsuen/105.html","芝地区","","港区西新橋一丁目1番1号1階","","","","","","","","","","https://www.city.minato.tokyo.jp/images/161989/hibiya-01.png","施設・設備画像","https://www.city.minato.tokyo.jp/images/161989/hibiya-02.png","施設・設備画像","","","","","","","35.67015324912093","139.7527055748486",""
"2025-03-21 12:01:54","日比谷フォートタワー2階指定喫煙場所","009013004000","複合施設・男女平等参画施設・その他の施設","指定喫煙場所","https://www.city.minato.tokyo.jp/shisetsu/sonota/kitsuen/106.html","芝地区","","港区西新橋一丁目1番1号2階","","","","","","","","","","https://www.city.minato.tokyo.jp/images/161990/hibiya2f-01.png","施設・設備画像","https://www.city.minato.tokyo.jp/images/161990/hibiya2f-02.png","施設・設備画像","","","","","","","35.67015324912093","139.7527055748486",""
"2025-03-21 12:01:54","日比谷フォートタワー11階指定喫煙場所","009013004000","複合施設・男女平等参画施設・その他の施設","指定喫煙場所","https://www.city.minato.tokyo.jp/shisetsu/sonota/kitsuen/107.html","芝地区","","港区西新橋一丁目1番1号11階","","","","","","","","","","https://www.city.minato.tokyo.jp/images/161991/hibiya11f-01.png","施設・設備画像","https://www.city.minato.tokyo.jp/images/161991/hibiya11f-02.png","施設・設備画像","","","","","","","35.67015324912093","139.7527055748486",""
"2025-11-21 15:05:28","東洋カーマックス芝3丁目第11駐車場内指定喫煙場所","009013004000","複合施設・男女平等参画施設・その他の施設","指定喫煙場所","https://www.city.minato.tokyo.jp/shisetsu/sonota/kitsuen/108.html","芝地区","","芝三丁目31番9号","","利用時間：9時00分～19時00分","","","","","","","","https://www.city.minato.tokyo.jp/images/161992/220125-01.png","施設・設備画像","https://www.city.minato.tokyo.jp/images/161992/220125-02.png","施設・設備画像","","","","","","","35.650876","139.747140",""
"2026-07-02 16:04:49","札の辻スクエア","009013001000","複合施設・男女平等参画施設・その他の施設","複合施設","https://www.city.minato.tokyo.jp/shisetsu/fukugo/fukugo/07.html","芝浦港南地区","札の辻スクエアは、港区立三田図書館、港区立産業振興センター、観光インフォメーションセンター、民間連携床などの多様な施設が入居しており、多くの人に親しんでいただける複合施設です。","港区芝五丁目36番4号","","","","敷地面積：2,291.85平方メートル
延床面積：18,333.57平方メートル","","JR田町駅三田口（西口）徒歩4分

都営地下鉄三田駅A1・A2出口徒歩2分（A1出口は7：00～21：00利用可）","ちぃばす芝ルート・田町ルート（田町駅東口行）「田町駅西口」徒歩3分

都営交通「田町駅前」徒歩4分","駐車台数：普通車／32台、ハイルーフ／20台
※自動二輪車の駐車場はありません。
利用日：1月1日及び臨時の全館休館日を除く通年

利用時間：午前8時から午後10時まで

駐車料金：30分あたり300円
無料措置：
（1）港区立産業振興センター及び港区立三田図書館利用者は、最初の1時間まで無料。ただし、障害者の乗車する車両は無料。
（2）産業振興課・観光政策担当及び図書文化財課来庁者は、滞在時間分まで無料
利用方法：利用する窓口で、駐車券の無料措置認証を受けてください。","駐輪台数：機械式／364台、平置き式／34台、原動機付自転車（125cc以下）／7台
※原動機付自転車置場は駐車場内にあります。
※令和6年3月20日より対象車両が50ccから125cc以下になりました。

利用日：1月1日及び臨時の全館休館日を除く通年

利用時間：午前8時から午後10時まで

駐輪料金：無料

※利用方法の詳細は関連リンク「札の辻スクエア駐輪場の利用方法のご案内」をクリックしてください。","https://www.city.minato.tokyo.jp/images/161996/220608-01.png","札の辻スクエアの外観","","","","","","","","","35.64522504360484","139.74476441968093",""
"2025-03-21 12:01:54","エコロパーク芝大門第3駐車場内指定喫煙場所","009013004000","複合施設・男女平等参画施設・その他の施設","指定喫煙場所","https://www.city.minato.tokyo.jp/shisetsu/sonota/kitsuen/109.html","芝地区","","港区芝大門二丁目12番18号","","","","開設時間9時から19時","","","","","","https://www.city.minato.tokyo.jp/images/161999/220729-ekoro01.png","施設・設備画像","https://www.city.minato.tokyo.jp/images/161999/220729-ekoro02.png","施設・設備画像","","","","","","","35.65459195376365","139.75393333329063",""
"2025-03-21 12:01:54","ニュー新橋ビル3階THECAFE内指定喫煙場所","009013004000","複合施設・男女平等参画施設・その他の施設","指定喫煙場所","https://www.city.minato.tokyo.jp/shisetsu/sonota/kitsuen/110.html","芝地区","","港区新橋二丁目16番1号","","","","","","","","","","https://www.city.minato.tokyo.jp/images/162000/220729-newshinbashi01.png","施設・設備画像","https://www.city.minato.tokyo.jp/images/162000/220729-newshinbashi02.png","施設・設備画像","","","","","","","35.66647972407418","139.7573496313515",""
"2025-03-21 12:01:55","加藤たばこ店内指定喫煙場所","009013004000","複合施設・男女平等参画施設・その他の施設","指定喫煙場所","https://www.city.minato.tokyo.jp/shisetsu/sonota/kitsuen/112.html","高輪地区","","港区高輪四丁目23番3号","","","","","","","","","","https://www.city.minato.tokyo.jp/images/162002/220729-kato01.png","施設・設備画像","https://www.city.minato.tokyo.jp/images/162002/220729-kato02.png","施設・設備画像","","","","","","","35.62639752239338","139.73757787838824",""
"2025-03-21 12:01:55","四方ビル2階指定喫煙場所","009013004000","複合施設・男女平等参画施設・その他の施設","指定喫煙場所","https://www.city.minato.tokyo.jp/shisetsu/sonota/kitsuen/113.html","赤坂地区","","港区赤坂三丁目12番21号","","","","","","","","","","https://www.city.minato.tokyo.jp/images/162003/220729-shikata01.png","施設・設備画像","https://www.city.minato.tokyo.jp/images/162003/220729-shikata02.png","施設・設備画像","https://www.city.minato.tokyo.jp/images/162003/220729-shikata03.png","施設・設備画像","https://www.city.minato.tokyo.jp/images/162003/220729-shikata04.png","施設・設備画像","","","35.674109364062936","139.737539382539",""
"2025-03-21 12:01:56","paspa赤坂指定喫煙場所","009013004000","複合施設・男女平等参画施設・その他の施設","指定喫煙場所","https://www.city.minato.tokyo.jp/shisetsu/sonota/kitsuen/115.html","赤坂地区","","港区赤坂三丁目14番2号ドルミ赤坂103号室","","","","","","","","","","https://www.city.minato.tokyo.jp/images/162036/240109-01.png","施設・設備画像","https://www.city.minato.tokyo.jp/images/162036/240109-02.png","施設・設備画像","","","","","","","35.67385477205119","139.7373797433988",""
"2025-03-27 19:45:02","港区子ども家庭総合支援センター（ミナトイク）","009013001000","複合施設・男女平等参画施設・その他の施設","複合施設","https://www.city.minato.tokyo.jp/shisetsu/fukugo/fukugo/08.html","赤坂地区","","港区南青山五丁目7番11号","","","","","","東京メトロ銀座線・半蔵門線・千代田線　表参道駅 B 3出口 徒歩3分","都営バス 渋88 「南青山六丁目」下車4分
ちぃばす 青山ルート 「南青山六丁目」下車5分
ちぃばす 青山ルート 「青南小学校」下車6分","障害者用駐車スペースあり","施設利用者専用駐輪場あり","https://www.city.minato.tokyo.jp/images/162043/230522-02.png","港区子ども家庭総合支援センター（ミナトイク）の外観","https://www.city.minato.tokyo.jp/images/162043/230606-01.png","港区子ども家庭総合支援センター（ミナトイク）の地図","","","","","","","35.662774","139.713122",""
"2025-03-21 12:01:57","セブンイレブン田町駅前店店内指定喫煙場所","009013004000","複合施設・男女平等参画施設・その他の施設","指定喫煙場所","https://www.city.minato.tokyo.jp/shisetsu/sonota/kitsuen/117.html","芝浦港南地区","","港区芝五丁目34番7号田町センタービル1階","","","","","","","","","","https://www.city.minato.tokyo.jp/images/162047/230912-05.png","施設・設備画像","https://www.city.minato.tokyo.jp/images/162047/230912-06.png","施設・設備画像","","","","","","","35.646333215880965","139.74678172207535",""
"2025-03-21 12:01:57","THETOBACCOSHIODOME指定喫煙場所","009013004000","複合施設・男女平等参画施設・その他の施設","指定喫煙場所","https://www.city.minato.tokyo.jp/shisetsu/sonota/kitsuen/118.html","芝地区","","港区東新橋一丁目8番2号","","","","","","","","","","https://www.city.minato.tokyo.jp/images/162048/230912-07.png","施設・設備画像","https://www.city.minato.tokyo.jp/images/162048/230912-08_1.png","施設・設備画像","","","","","","","35.66300379341111","139.76207881043507",""
"2025-03-21 12:01:57","THETOBACCOTORANOMON指定喫煙場所","009013004000","複合施設・男女平等参画施設・その他の施設","指定喫煙場所","https://www.city.minato.tokyo.jp/shisetsu/sonota/kitsuen/119.html","芝地区","","港区虎ノ門二丁目3番17号虎ノ門2丁目タワー1階","","","","","","","","","","https://www.city.minato.tokyo.jp/images/162049/230912-09.png","施設・設備画像","https://www.city.minato.tokyo.jp/images/162049/230912-10.png","施設・設備画像","","","","","","","35.66836261273509","139.74672931043256",""
"2025-03-21 12:01:57","paspa浜松町指定喫煙場所","009013004000","複合施設・男女平等参画施設・その他の施設","指定喫煙場所","https://www.city.minato.tokyo.jp/shisetsu/sonota/kitsuen/120.html","芝地区","","港区浜松町二丁目5番2号","","","","","","","","","","https://www.city.minato.tokyo.jp/images/162050/230912-11.png","施設・設備画像","https://www.city.minato.tokyo.jp/images/162050/230912-12.png","施設・設備画像","","","","","","","35.65437800798922","139.7564674852955",""
"2025-03-21 12:01:57","ファミリーマート南山堂第一京浜芝店内指定喫煙場所","009013004000","複合施設・男女平等参画施設・その他の施設","指定喫煙場所","https://www.city.minato.tokyo.jp/shisetsu/sonota/kitsuen/121.html","芝地区","","港区芝二丁目14番5号芝二丁目大広ビル","","","","","","","","","","https://www.city.minato.tokyo.jp/images/162052/240109-03.png","施設・設備画像","","","","","","","","","35.650793605697714","139.7535039032701",""
"2025-03-21 12:01:57","田町タワー1階指定喫煙場所","009013004000","複合施設・男女平等参画施設・その他の施設","指定喫煙場所","https://www.city.minato.tokyo.jp/shisetsu/sonota/kitsuen/122.html","芝浦港南地区","","港区芝五丁目33番11号","","","","","","","","","","https://www.city.minato.tokyo.jp/images/162053/240109-04.png","施設・設備画像","https://www.city.minato.tokyo.jp/images/162053/240109-05.png","施設・設備画像","","","","","","","35.647138123840165","139.7485596597526",""
"2025-03-27 18:29:42","エコロパーク新橋第7駐車場内指定喫煙場所","009013004000","複合施設・男女平等参画施設・その他の施設","指定喫煙場所","https://www.city.minato.tokyo.jp/shisetsu/sonota/kitsuen/123.html","芝地区","","港区新橋一丁目4番3号","","開所時間:9時から19時","","","","","","","","https://www.city.minato.tokyo.jp/images/162054/240109-06.png","施設・設備画像","https://www.city.minato.tokyo.jp/images/162054/240109-07.png","施設・設備画像","","","","","","","35.667825861088055","139.75930971740488",""
"2025-03-21 12:01:57","ファミリーマート西新橋一丁目店内指定喫煙場所","009013004000","複合施設・男女平等参画施設・その他の施設","指定喫煙場所","https://www.city.minato.tokyo.jp/shisetsu/sonota/kitsuen/124.html","芝地区","","港区西新橋一丁目5番11号11東洋海事ビル","","","","","","","","","","https://www.city.minato.tokyo.jp/images/162056/240305-01.png","施設・設備画像","https://www.city.minato.tokyo.jp/images/162056/240305-02.png","施設・設備画像","","","","","","","35.66932362441603","139.7536083124461",""
"2025-03-21 12:01:58","ファミリーマート＋ミヤモトドラッグ御成門店内指定喫煙場所","009013004000","複合施設・男女平等参画施設・その他の施設","指定喫煙場所","https://www.city.minato.tokyo.jp/shisetsu/sonota/kitsuen/125.html","芝地区","","港区新橋六丁目17番15号菱進御成門ビル","","","","","","","","","","https://www.city.minato.tokyo.jp/images/162057/240305-03.png","施設・設備画像","https://www.city.minato.tokyo.jp/images/162057/240305-04.png","施設・設備画像","","","","","","","35.661042855628615","139.7518489068715",""
"2025-03-21 12:01:58","ゆうらいふセンター1階北側指定喫煙場所","009013004000","複合施設・男女平等参画施設・その他の施設","指定喫煙場所","https://www.city.minato.tokyo.jp/shisetsu/sonota/kitsuen/126.html","芝浦港南地区","","港区海岸1丁目4番26号","","","","","","","","","","https://www.city.minato.tokyo.jp/images/162060/240502-03.png","施設・設備画像","https://www.city.minato.tokyo.jp/images/162060/240502-04.png","施設・設備画像","","","","","","","35.65412840172168","139.75984938358468",""
"2025-03-21 12:01:58","新虎安田ビル1階指定喫煙場所","009013004000","複合施設・男女平等参画施設・その他の施設","指定喫煙場所","https://www.city.minato.tokyo.jp/shisetsu/sonota/kitsuen/127.html","芝地区","","港区新橋4丁目3番1号","","","","","","","","","","https://www.city.minato.tokyo.jp/images/162061/240502-05.png","施設・設備画像","https://www.city.minato.tokyo.jp/images/162061/240502-06.png","施設・設備画像","","","","","","","35.6649221834583","139.75466995767135",""
"2025-03-21 12:01:58","paspa溜池指定喫煙場所","009013004000","複合施設・男女平等参画施設・その他の施設","指定喫煙場所","https://www.city.minato.tokyo.jp/shisetsu/sonota/kitsuen/128.html","赤坂地区","","港区赤坂1丁目1番16号細川ビルB1F","","","","","","","","","","https://www.city.minato.tokyo.jp/images/162062/240502-07.png","施設・設備画像","https://www.city.minato.tokyo.jp/images/162062/240502-08.png","施設・設備画像","","","","","","","35.67096587259067","139.74404521427059",""
"2025-03-21 12:01:58","ファミリーマート浜松町駅南店内指定喫煙場所","009013004000","複合施設・男女平等参画施設・その他の施設","指定喫煙場所","https://www.city.minato.tokyo.jp/shisetsu/sonota/kitsuen/129.html","芝地区","","港区浜松町2丁目9番3号NBC浜松町ビル","","","","","","","","","","https://www.city.minato.tokyo.jp/images/162069/240821-01.png","施設・設備画像","https://www.city.minato.tokyo.jp/images/162069/240821-02.png","施設・設備画像","","","","","","","35.65399677259604","139.7564247546088",""
"2025-03-21 12:01:59","paspa虎ノ門3丁目指定喫煙場所","009013004000","複合施設・男女平等参画施設・その他の施設","指定喫煙場所","https://www.city.minato.tokyo.jp/shisetsu/sonota/kitsuen/130.html","芝地区","","港区虎ノ門3丁目4番7号虎ノ門36森ビル地下1階","","","","","","","","","","https://www.city.minato.tokyo.jp/images/162070/240821-03.png","施設・設備画像","https://www.city.minato.tokyo.jp/images/162070/240821-04.png","施設・設備画像","","","","","","","35.66619527419011","139.7468429528997",""
"2025-03-21 12:01:59","浜松町二丁目地区施設建築物2階指定喫煙場所","009013004000","複合施設・男女平等参画施設・その他の施設","指定喫煙場所","https://www.city.minato.tokyo.jp/shisetsu/sonota/kitsuen/131.html","芝地区","","港区浜松町2丁目3番9号浜松町二丁目地区施設建築物2階","","","","","","","","","","https://www.city.minato.tokyo.jp/images/162080/241209-02.png","施設・設備画像","https://www.city.minato.tokyo.jp/images/162080/241209-03.png","施設・設備画像","","","","","","","35.654177003691835","139.7565299184514",""
"2025-03-21 12:01:59","paspa芝公園指定喫煙場所","009013004000","複合施設・男女平等参画施設・その他の施設","指定喫煙場所","https://www.city.minato.tokyo.jp/shisetsu/sonota/kitsuen/132.html","芝地区","","港区芝公園1丁目7番8号1階","","","","","","","","","","https://www.city.minato.tokyo.jp/images/162081/241213-01.png","施設・設備画像","https://www.city.minato.tokyo.jp/images/162081/241213-02.png","施設・設備画像","","","","","","","35.65786153374167","139.75262293194433",""
"2025-04-15 15:29:56","THE TOBACCO SHINAGAWA指定喫煙場所","009013004000","複合施設・男女平等参画施設・その他の施設","指定喫煙場所","https://www.city.minato.tokyo.jp/shisetsu/sonota/kitsuen/133.html","芝浦港南地区","","港区港南2丁目15番2号　品川インターシティS＆R棟地下1階","","","","","","","","","","https://www.city.minato.tokyo.jp/images/162481/250415-02.png","施設・設備画像","https://www.city.minato.tokyo.jp/images/162481/250415-03.png","施設・設備画像","","","","","","","35.62688925105303","139.74211295483352",""
"2025-08-01 16:19:59","THE LINKPILLAR 1 SOUTH １階指定喫煙場所","009013004000","複合施設・男女平等参画施設・その他の施設","指定喫煙場所","https://www.city.minato.tokyo.jp/shisetsu/sonota/kitsuen/134.html","高輪地区","","港区高輪二丁目21番2号","","利用時間：8時00分～20時00分","","","","","","","","https://www.city.minato.tokyo.jp/images/168628/250801-03.png","施設・設備画像","https://www.city.minato.tokyo.jp/images/168628/250801-04.png","施設・設備画像","","","","","","","35.63473211684824","139.7391505164694",""
"2025-12-01 17:11:28","FORECAST品川＠LABO1階指定喫煙場所","009013004000","複合施設・男女平等参画施設・その他の施設","指定喫煙場所","https://www.city.minato.tokyo.jp/shisetsu/sonota/kitsuen/135.html","芝浦港南地区","","港区港南五丁目5番6号","","利用時間：9時00分～18時00分","","","","","","","","https://www.city.minato.tokyo.jp/images/168629/250801-05.png","施設・設備画像","","","","","","","","","35.62905225214788","139.7569759505945",""
"2025-08-04 13:44:29","ファミリーマート新橋日比谷通り店内指定喫煙場所","009013004000","複合施設・男女平等参画施設・その他の施設","指定喫煙場所","https://www.city.minato.tokyo.jp/shisetsu/sonota/kitsuen/136.html","芝地区","","港区新橋五丁目2番10号　銀泉新橋ビル1階","","","","","","","","","","https://www.city.minato.tokyo.jp/images/168630/250804-01.png","施設・設備画像","https://www.city.minato.tokyo.jp/images/168630/250804-02.png","施設・設備画像","","","","","","","35.66405268263102","139.75310810928573",""
"2025-08-08 16:20:17","ローソン高輪三丁目店内指定喫煙場所","009013004000","複合施設・男女平等参画施設・その他の施設","指定喫煙場所","https://www.city.minato.tokyo.jp/shisetsu/sonota/kitsuen/137.html","高輪地区","","港区高輪三丁目5番23号","","利用時間：6時00分～20時00分","","","","","","","","https://www.city.minato.tokyo.jp/images/168869/250808-04.png","施設・設備画像","https://www.city.minato.tokyo.jp/images/168869/250808-05.png","施設・設備画像","","","","","","","35.63422293215458","139.73142361128149",""
"2025-08-08 16:34:59","THE LINKPILLAR 1 NORTH 6階指定喫煙場所","009013004000","複合施設・男女平等参画施設・その他の施設","指定喫煙場所","https://www.city.minato.tokyo.jp/shisetsu/sonota/kitsuen/138.html","高輪地区","","港区高輪二丁目21番1号","","利用時間：8時00分～20時00分","","","","","","","","https://www.city.minato.tokyo.jp/images/168870/250808-06.png","施設・設備画像","https://www.city.minato.tokyo.jp/images/168870/250808-07.png","施設・設備画像","","","","","","","35.63649466355561","139.74001376415106",""
"2025-11-21 15:04:50","ブルーフロント芝浦S棟1階GREEN DINING HALL内指定喫煙場所","009013004000","複合施設・男女平等参画施設・その他の施設","指定喫煙場所","https://www.city.minato.tokyo.jp/shisetsu/sonota/kitsuen/139.html","芝浦港南地区","","芝浦一丁目1番1号","","利用時間：平日7時00分～23時00分、土曜9時00分～23時00分","","","","","","","","https://www.city.minato.tokyo.jp/images/172318/139-01.png","施設・設備画像","https://www.city.minato.tokyo.jp/images/172318/139-02.png","施設・設備画像","","","","","","","35.65116730066814","139.75749616558525",""
"2025-11-21 15:20:55","喫煙喫茶オールドルーキーカフェ溜池山王店内指定喫煙場所","009013004000","複合施設・男女平等参画施設・その他の施設","指定喫煙場所","https://www.city.minato.tokyo.jp/shisetsu/sonota/kitsuen/140.html","赤坂地区","","赤坂二丁目10番1号　赤坂アーバンホテルアネックス地下1階","","利用時間：10時00分～20時00分","","","","","","","","https://www.city.minato.tokyo.jp/images/172319/140-01.png","施設・設備画像","https://www.city.minato.tokyo.jp/images/172319/140-02.png","施設・設備画像","","","","","","","35.67095439876632","139.741517736941",""
"2026-06-19 14:33:47","ニイハオ田町店内指定喫煙場所","009013004000","複合施設・男女平等参画施設・その他の施設","指定喫煙場所","https://www.city.minato.tokyo.jp/shisetsu/sonota/kitsuen/141.html","芝地区","","港区芝五丁目17番1号　ストーリア三田1階","","利用時間：10時00分～23時00分","","","","","","","","https://www.city.minato.tokyo.jp/images/179357/1-1.jpg","施設・設備画像","https://www.city.minato.tokyo.jp/images/179357/1-2.jpg","施設・設備画像","","","","","","","35.64865705845404","139.74680459700792",""
"2026-06-19 14:36:14","THE TOBACCO TAMACHI KK164指定喫煙場所","009013004000","複合施設・男女平等参画施設・その他の施設","指定喫煙場所","https://www.city.minato.tokyo.jp/shisetsu/sonota/kitsuen/142.html","芝地区","","港区芝五丁目27番12号　金井ビル2階","","利用時間：7時00分～21時00分（土日、祝日を除く）","","","","","","","","https://www.city.minato.tokyo.jp/images/179358/2-1.jpg","施設・設備画像","","","","","","","","","35.646970903283076","139.74647279699465",""
"2026-06-19 14:38:37","タマガワヤ2階指定喫煙場所","009013004000","複合施設・男女平等参画施設・その他の施設","指定喫煙場所","https://www.city.minato.tokyo.jp/shisetsu/sonota/kitsuen/143.html","芝地区","","港区虎ノ門五丁目2番6号","","利用時間：7時30分～19時30分（土日・祝日、年末年始を除く）","","","","","","","","https://www.city.minato.tokyo.jp/images/179359/3-1.jpg","施設・設備画像","https://www.city.minato.tokyo.jp/images/179359/3-2.jpg","施設・設備画像","","","","","","","35.662926793522274","139.744744197011",""
"2026-06-19 14:41:40","THE LINKPILLAR 2 地下1階指定喫煙場所","009013004000","複合施設・男女平等参画施設・その他の施設","指定喫煙場所","https://www.city.minato.tokyo.jp/shisetsu/sonota/kitsuen/144.html","高輪地区","","港区高輪二丁目22番1号","","利用時間：8時00分～23時00分（全館休館日、年末年始を除く）","","","","","","","","https://www.city.minato.tokyo.jp/images/179360/4-1.jpg","施設・設備画像","","","","","","","","","35.637931867371975","139.741052585355",""
"2026-06-19 14:42:54","THE LINKPILLAR 2 3階指定喫煙場所","009013004000","複合施設・男女平等参画施設・その他の施設","指定喫煙場所","https://www.city.minato.tokyo.jp/shisetsu/sonota/kitsuen/145.html","高輪地区","","港区高輪二丁目22番1号","","利用時間：11時00分～23時00分","","","","","","","","https://www.city.minato.tokyo.jp/images/179361/5-1.jpg","施設・設備画像","","","","","","","","","35.637931867371975","139.741052585355",""
"2026-06-23 15:24:32","THE LINKPILLAR 2 4階指定喫煙場所","009013004000","複合施設・男女平等参画施設・その他の施設","指定喫煙場所","https://www.city.minato.tokyo.jp/shisetsu/sonota/kitsuen/146.html","高輪地区","","港区高輪二丁目22番1号","","利用時間：7時00分～23時00分（全館休館日、年末年始を除く）","","","","","","","","https://www.city.minato.tokyo.jp/images/179362/6-1.jpg","施設・設備画像","","","","","","","","","35.637931867371975","139.741052585355",""

"港区施設情報 複合施設・男女平等参画施設・その他の施設","Ver20260714"
